Title,Author,Format-Year
"Real-World Spanish: The Conversation Learning System
Real-World Spanish: The Conversation Learning System, eAudiobook",Camila Vega Rivera,eAudiobook - 2025
"Learning Spanish-beginner I
Learning Spanish-beginner I, eBook","Iris Acevedo A. â€¢ Spanishonline, Costarica",eBook - 2025 | Spanish
"100 Facts About Learning Spanish
100 Facts About Learning Spanish, eAudiobook",Science-Based Language Learning Lab,eAudiobook - 2024
"100 Facts About Learning Spanish
100 Facts About Learning Spanish, eBook
English to Spanish",Science-Based Language Learning Lab,eBook - 2024
"A Beginner's Guide to Learning Spanish
A Beginner's Guide to Learning Spanish, eAudiobook","Miller, Jackson",eAudiobook - 2024
